id,Username,email,Usertype,Password,Confirm Pass,first_name,last_name,phone
4,Mayank ,mayankgirigoswami2212@gmail.com,Applicant,pbkdf2_sha256$180000$f5WahkkRStBO$EI1tirlTZBBt1Y1ROq/3DpEXJmXBlFRUWmyYP4GF2RA=,pbkdf2_sha256$180000$f5WahkkRStBO$EI1tirlTZBBt1Y1ROq/3DpEXJmXBlFRUWmyYP4GF2RA=,Mayank ,Goswami,7000271188
5,Sohan ,sohansinghthakur01@gmail.com,Applicant,pbkdf2_sha256$180000$f5WahkkRStBO$EI1tirlTZBBt1Y1ROq/3DpEXJmXBlFRUWmyYP4GF2RA=,pbkdf2_sha256$180000$f5WahkkRStBO$EI1tirlTZBBt1Y1ROq/3DpEXJmXBlFRUWmyYP4GF2RA=,Sohan ,Thakur,9685673152
6,Ashish ,ashishyadav.pro@gmail.com,Applicant,pbkdf2_sha256$180000$f5WahkkRStBO$EI1tirlTZBBt1Y1ROq/3DpEXJmXBlFRUWmyYP4GF2RA=,pbkdf2_sha256$180000$f5WahkkRStBO$EI1tirlTZBBt1Y1ROq/3DpEXJmXBlFRUWmyYP4GF2RA=,Ashish ,Yadav,7879739460
7,Ankur,ankurshrivastava9@gmail.com,Applicant,pbkdf2_sha256$180000$f5WahkkRStBO$EI1tirlTZBBt1Y1ROq/3DpEXJmXBlFRUWmyYP4GF2RA=,pbkdf2_sha256$180000$f5WahkkRStBO$EI1tirlTZBBt1Y1ROq/3DpEXJmXBlFRUWmyYP4GF2RA=,Ankur,Shrivastava,8109313285 (Wrong no.)
8,Palak,palakm8598@gmail.com,Applicant,pbkdf2_sha256$180000$f5WahkkRStBO$EI1tirlTZBBt1Y1ROq/3DpEXJmXBlFRUWmyYP4GF2RA=,pbkdf2_sha256$180000$f5WahkkRStBO$EI1tirlTZBBt1Y1ROq/3DpEXJmXBlFRUWmyYP4GF2RA=,Palak,Maheshwari,8962195354
9,Abhishek ,abhishekpawar1708@gmail.com,Applicant,pbkdf2_sha256$180000$f5WahkkRStBO$EI1tirlTZBBt1Y1ROq/3DpEXJmXBlFRUWmyYP4GF2RA=,pbkdf2_sha256$180000$f5WahkkRStBO$EI1tirlTZBBt1Y1ROq/3DpEXJmXBlFRUWmyYP4GF2RA=,Abhishek ,Pawar,8602659541
10,Ankit ,ank.rathore5654@gmail.com,Applicant,pbkdf2_sha256$180000$f5WahkkRStBO$EI1tirlTZBBt1Y1ROq/3DpEXJmXBlFRUWmyYP4GF2RA=,pbkdf2_sha256$180000$f5WahkkRStBO$EI1tirlTZBBt1Y1ROq/3DpEXJmXBlFRUWmyYP4GF2RA=,Ankit ,Rathore,8982533801
11,Rohit ,baghelbaghel7354@gmail.com,Applicant,pbkdf2_sha256$180000$f5WahkkRStBO$EI1tirlTZBBt1Y1ROq/3DpEXJmXBlFRUWmyYP4GF2RA=,pbkdf2_sha256$180000$f5WahkkRStBO$EI1tirlTZBBt1Y1ROq/3DpEXJmXBlFRUWmyYP4GF2RA=,Rohit ,Baghel,7354327260
12,Abhishek ,bunnyabhi01@gmail.com,Applicant,pbkdf2_sha256$180000$f5WahkkRStBO$EI1tirlTZBBt1Y1ROq/3DpEXJmXBlFRUWmyYP4GF2RA=,pbkdf2_sha256$180000$f5WahkkRStBO$EI1tirlTZBBt1Y1ROq/3DpEXJmXBlFRUWmyYP4GF2RA=,Abhishek ,Mehta ,9649305664
13,Kajal ,kajaly379@gmail.com,Applicant,pbkdf2_sha256$180000$f5WahkkRStBO$EI1tirlTZBBt1Y1ROq/3DpEXJmXBlFRUWmyYP4GF2RA=,pbkdf2_sha256$180000$f5WahkkRStBO$EI1tirlTZBBt1Y1ROq/3DpEXJmXBlFRUWmyYP4GF2RA=,Kajal ,Yadav,8890047205
14,Kapil ,Kotharikapil136@gmail.com,Applicant,pbkdf2_sha256$180000$f5WahkkRStBO$EI1tirlTZBBt1Y1ROq/3DpEXJmXBlFRUWmyYP4GF2RA=,pbkdf2_sha256$180000$f5WahkkRStBO$EI1tirlTZBBt1Y1ROq/3DpEXJmXBlFRUWmyYP4GF2RA=,Kapil ,Kothari,9685084347
15,Ganesh,ganeshprajapati0997@gmail.com,Applicant,pbkdf2_sha256$180000$f5WahkkRStBO$EI1tirlTZBBt1Y1ROq/3DpEXJmXBlFRUWmyYP4GF2RA=,pbkdf2_sha256$180000$f5WahkkRStBO$EI1tirlTZBBt1Y1ROq/3DpEXJmXBlFRUWmyYP4GF2RA=,Ganesh,Prajapati,7999121449
16,Mukesh ,guptamukesh281998@gmail.com,Applicant,pbkdf2_sha256$180000$f5WahkkRStBO$EI1tirlTZBBt1Y1ROq/3DpEXJmXBlFRUWmyYP4GF2RA=,pbkdf2_sha256$180000$f5WahkkRStBO$EI1tirlTZBBt1Y1ROq/3DpEXJmXBlFRUWmyYP4GF2RA=,Mukesh ,Gupta,6388651506
17,Aditya ,adidixit15@gmail.com,Applicant,pbkdf2_sha256$180000$f5WahkkRStBO$EI1tirlTZBBt1Y1ROq/3DpEXJmXBlFRUWmyYP4GF2RA=,pbkdf2_sha256$180000$f5WahkkRStBO$EI1tirlTZBBt1Y1ROq/3DpEXJmXBlFRUWmyYP4GF2RA=,Aditya ,Dixit,9691929075
18,Payal,chouhanpayal99@gmail.com,Applicant,pbkdf2_sha256$180000$f5WahkkRStBO$EI1tirlTZBBt1Y1ROq/3DpEXJmXBlFRUWmyYP4GF2RA=,pbkdf2_sha256$180000$f5WahkkRStBO$EI1tirlTZBBt1Y1ROq/3DpEXJmXBlFRUWmyYP4GF2RA=,Payal,Chauhan,9691211575
19,Ashi ,ashibhawar8982@gmail.com,Applicant,pbkdf2_sha256$180000$f5WahkkRStBO$EI1tirlTZBBt1Y1ROq/3DpEXJmXBlFRUWmyYP4GF2RA=,pbkdf2_sha256$180000$f5WahkkRStBO$EI1tirlTZBBt1Y1ROq/3DpEXJmXBlFRUWmyYP4GF2RA=,Ashi ,Bhavar,9893378443
20,Arpan,arpanvyas399@gmail.com,Applicant,pbkdf2_sha256$180000$f5WahkkRStBO$EI1tirlTZBBt1Y1ROq/3DpEXJmXBlFRUWmyYP4GF2RA=,pbkdf2_sha256$180000$f5WahkkRStBO$EI1tirlTZBBt1Y1ROq/3DpEXJmXBlFRUWmyYP4GF2RA=,Arpan,Vyas ,8517913412
21,Ayush ,94ayushkumar@gmail.com,Applicant,pbkdf2_sha256$180000$f5WahkkRStBO$EI1tirlTZBBt1Y1ROq/3DpEXJmXBlFRUWmyYP4GF2RA=,pbkdf2_sha256$180000$f5WahkkRStBO$EI1tirlTZBBt1Y1ROq/3DpEXJmXBlFRUWmyYP4GF2RA=,Ayush ,Kumar,9685744215
22,Akshay ,Sharmaakshay101.as@gmail.co,Applicant,pbkdf2_sha256$180000$f5WahkkRStBO$EI1tirlTZBBt1Y1ROq/3DpEXJmXBlFRUWmyYP4GF2RA=,pbkdf2_sha256$180000$f5WahkkRStBO$EI1tirlTZBBt1Y1ROq/3DpEXJmXBlFRUWmyYP4GF2RA=,Akshay ,Sharma,887168424
23,Amisha,soni.amisha07@gmail.com,Applicant,pbkdf2_sha256$180000$f5WahkkRStBO$EI1tirlTZBBt1Y1ROq/3DpEXJmXBlFRUWmyYP4GF2RA=,pbkdf2_sha256$180000$f5WahkkRStBO$EI1tirlTZBBt1Y1ROq/3DpEXJmXBlFRUWmyYP4GF2RA=,Amisha,Soni,8889909320
24,Nikesh ,nikeshzhope786@gmail.com ,Applicant,pbkdf2_sha256$180000$f5WahkkRStBO$EI1tirlTZBBt1Y1ROq/3DpEXJmXBlFRUWmyYP4GF2RA=,pbkdf2_sha256$180000$f5WahkkRStBO$EI1tirlTZBBt1Y1ROq/3DpEXJmXBlFRUWmyYP4GF2RA=,Nikesh ,Zhope,9993369601
25,Ayushi ,mouryaayushi691@gmail.com,Applicant,pbkdf2_sha256$180000$f5WahkkRStBO$EI1tirlTZBBt1Y1ROq/3DpEXJmXBlFRUWmyYP4GF2RA=,pbkdf2_sha256$180000$f5WahkkRStBO$EI1tirlTZBBt1Y1ROq/3DpEXJmXBlFRUWmyYP4GF2RA=,Ayushi ,Maurya ,7974353425
26,Namrata ,ankurshrivastava9@gmail.com,Applicant,pbkdf2_sha256$180000$f5WahkkRStBO$EI1tirlTZBBt1Y1ROq/3DpEXJmXBlFRUWmyYP4GF2RA=,pbkdf2_sha256$180000$f5WahkkRStBO$EI1tirlTZBBt1Y1ROq/3DpEXJmXBlFRUWmyYP4GF2RA=,Namrata ,Shakya,8109313285 (Wrong no.)
27,Vandana ,vandanavarma67@gmail.com,Applicant,pbkdf2_sha256$180000$f5WahkkRStBO$EI1tirlTZBBt1Y1ROq/3DpEXJmXBlFRUWmyYP4GF2RA=,pbkdf2_sha256$180000$f5WahkkRStBO$EI1tirlTZBBt1Y1ROq/3DpEXJmXBlFRUWmyYP4GF2RA=,Vandana ,Varma ,7067664981
28,Ajay ,ajaysingh991998@gmail.com,Applicant,pbkdf2_sha256$180000$f5WahkkRStBO$EI1tirlTZBBt1Y1ROq/3DpEXJmXBlFRUWmyYP4GF2RA=,pbkdf2_sha256$180000$f5WahkkRStBO$EI1tirlTZBBt1Y1ROq/3DpEXJmXBlFRUWmyYP4GF2RA=,Ajay ,Patel,7566470331
